id,article_id,tender_number,match_confidence,connection,scc_action,linked_at
1,189,,possible,"The Hafeet Rail project is part of the ongoing rail infrastructure development in the Al Batinah region, which may relate to future construction tenders.","SCC should monitor upcoming tenders related to rail infrastructure in the Al Batinah region and prepare to bid on relevant opportunities.","2026-05-02 02:01:09"
2,16,,likely,"Mwasalat's fleet modernisation plans align with the tender for the Framework agreement for the supply and delivery of electric and diesel city buses and coaches.","SCC should monitor this tender closely and consider potential partnerships or bidding opportunities related to infrastructure upgrades for bus depots and maintenance facilities.","2026-05-02 02:01:15"
3,16,,possible,"The renovation and maintenance tender may relate to potential infrastructure upgrades needed for Mwasalat's fleet modernisation.","SCC should prepare to engage in discussions about potential civil works related to the renovation and maintenance of facilities.","2026-05-02 02:01:15"
4,16,,possible,"The supply of AGM batteries could be relevant for the electric buses in Mwasalat's fleet modernisation.","SCC should explore opportunities to supply or collaborate on projects involving battery supply for electric buses.","2026-05-02 02:01:15"
5,16,,possible,"The tender for pipeline network construction may relate to infrastructure needs for Mwasalat's operational facilities.","SCC should investigate potential roles in the pipeline network construction that could support Mwasalat's operational upgrades.","2026-05-02 02:01:15"
6,116,,possible,"The investment agreements signed by OPAZ for industrial projects may lead to future tenders related to construction and maintenance in special economic zones.","SCC should monitor upcoming tenders related to industrial facilities and prepare to position itself for potential bids.","2026-05-02 02:01:21"
7,116,,possible,"The construction of infrastructure projects by the Public Establishment for Industrial Estates aligns with the expected industrial developments in Oman’s special economic zones.","SCC should engage with the Public Establishment for Industrial Estates to stay informed about future tenders and opportunities.","2026-05-02 02:01:21"
8,116,,possible,"The construction of entrepreneurial facilities by the Public Establishment for Industrial Estates is likely to be part of the broader investment strategy in the special economic zones.","SCC should prepare to bid on upcoming tenders related to the construction of entrepreneurial facilities.","2026-05-02 02:01:21"
9,118,,possible,"The article discusses landfill gas recovery projects in Oman, which may relate to waste management infrastructure, while the tenders involve various services and consulting that could be relevant to such projects.","SCC should monitor these tenders for potential opportunities to engage in related civil engineering works or consulting services as the landfill gas projects develop.","2026-05-02 02:01:23"
10,86,,"FUTURE SIGNAL","The Nizwa Public Park project is a new initiative that may lead to future tenders for civil works and landscaping, but no current tenders match this specific project.","SCC should monitor the developments related to the Nizwa Public Park project and prepare to bid for upcoming tenders related to civil works and landscaping.","2026-05-02 02:01:26"
11,89,,"FUTURE SIGNAL","The National Addressing Project is expected to require civil works, but no specific tenders related to this project have been identified yet.","SCC should monitor the Oman Tender Board portal for upcoming tenders related to the National Addressing Project and prepare to bid on relevant opportunities.","2026-05-02 02:01:28"
12,124,,"FUTURE SIGNAL","Nama Water Services' nationwide rehabilitation programme is expected to lead to future tenders related to water network efficiency improvements.","SCC should monitor the Oman Tender Board for upcoming tenders related to water network projects and prepare to bid on relevant opportunities.","2026-05-02 02:01:30"
13,92,,possible,"The article discusses road projects in Duqm, while the tender is related to services provided by the Public Authority for Special Economic Zones and Free Zones, which may be involved in upcoming road construction projects.","SCC should monitor upcoming tenders related to road construction in Duqm and prepare to bid when they are announced.","2026-05-02 02:01:32"
14,920,,"FUTURE SIGNAL","The Port of Duqm's involvement with the Oman Net Zero Centre suggests upcoming projects related to sustainability, particularly in the Al Wusta governorate.","SCC should monitor developments related to sustainability initiatives at the Port of Duqm and prepare to bid on future tenders for green infrastructure projects.","2026-05-02 02:06:27"
15,1063,,"FUTURE SIGNAL","The opening of Talabat's distribution center in Yanmu park suggests potential future infrastructure projects in the logistics sector, which may lead to relevant tenders.","SCC should monitor the logistics and distribution sector for upcoming tenders related to infrastructure development.","2026-05-02 02:06:29"
16,925,,likely,"The tenders from the South Sharqiyah Governor Office relate to construction and maintenance projects, aligning with the anticipated infrastructure developments in Al Sharqiyah South.","SCC should monitor these tenders closely and consider submitting proposals for relevant construction projects.","2026-05-02 02:06:32"
17,925,,possible,"The economic growth in Al Sharqiyah South may lead to future tenders in the region, although currently, the tenders listed are from the South Sharqiyah Governor Office.","SCC should prepare for potential future tenders by establishing connections with local authorities and assessing capabilities for upcoming projects.","2026-05-02 02:06:32"
18,999,,"FUTURE SIGNAL","Oman's plans to expand oil transport and storage infrastructure suggest that relevant tenders may be issued soon, but no matching tenders are currently available.","SCC should monitor the Oman Tender Board for upcoming tenders related to oil transport and storage infrastructure and prepare to bid when they are released.","2026-05-02 02:06:34"
19,1006,,possible,"The article discusses telecom infrastructure projects in Al Dhahirah, which aligns with the telecommunications-related tenders from the Telecommunications Regulatory Authority.","SCC should monitor the Telecommunications Regulatory Authority for upcoming tenders related to telecom infrastructure development.","2026-05-02 02:06:39"
20,1006,,possible,"The focus on infrastructure projects in the article suggests relevance to the tender for 'Fixed Broadband Network Performance' by the Telecommunications Regulatory Authority.","SCC should keep an eye on the tender for 'Fixed Broadband Network Performance' to assess potential bidding opportunities.","2026-05-02 02:06:39"
21,1006,,"future signal","While specific tenders directly related to civil works in telecom infrastructure were not found, the article indicates that such opportunities may arise.","SCC should prepare for potential future tenders in telecom infrastructure by enhancing capabilities and resources in this sector.","2026-05-02 02:06:39"
22,936,,"FUTURE SIGNAL","Nama Water Services is expected to release tenders related to pipeline infrastructure projects, but no specific tenders are currently available.","SCC should monitor Nama Water Services' procurement announcements closely for upcoming tenders related to pipeline laying and civil works.","2026-05-02 02:06:40"
23,1082,,possible,"The tenders from the Environment Authority relate to supply activities that may be relevant to the civil infrastructure sector where Arab Contractors operates.","SCC should monitor these supply tenders and consider potential partnerships or competitive strategies.","2026-05-02 02:06:43"
24,1082,,possible,"The Arabic Coffee tender from the Ministry of Information is in a different category but indicates ongoing supply needs in the region.","SCC should keep an eye on this tender for any indirect implications on supply chains.","2026-05-02 02:06:43"
25,950,,"FUTURE SIGNAL","The Palm Hills project in Musandam is expected to require significant infrastructure development, but no relevant tenders have been identified yet.","SCC should monitor the situation closely for upcoming tenders related to the Palm Hills project and prepare to bid on relevant opportunities.","2026-05-02 02:06:45"
26,1000,,possible,"The infrastructure contracts for 15 coastal villages in Musandam may relate to the services and maintenance tenders issued by the Office of the Minister of State And Governor of Musandam Governorate.","SCC should monitor these tenders closely and prepare to bid on relevant projects as they align with the upcoming infrastructure developments.","2026-05-02 02:06:48"
27,1000,,possible,"The maintenance of lighting projects tender could be linked to the broader infrastructure initiatives in the coastal villages of Musandam.","SCC should consider potential partnerships or bids for this tender, as it may support the infrastructure projects in the region.","2026-05-02 02:06:48"
28,190,,possible,"The article mentions 18 construction projects under construction, while the tenders are related to the Ministry of Health, which may be involved in the medical sector's construction projects.","SCC should monitor these tenders and assess potential opportunities for collaboration or bidding in the medical construction sector.","2026-05-02 02:06:50"
29,313,,possible,"The news article discusses road projects in Duqm, while the tender is related to a publication by the Public Authority for Special Economic Zones and Free Zones, indicating a connection to the same geographical area.","SCC should monitor SEZAD for future road construction tenders as they may arise from the ongoing projects mentioned in the article.","2026-05-02 02:06:53"
30,1007,,"FUTURE SIGNAL","The article indicates potential future civil works related to sustainable infrastructure projects at the Port of Duqm, which may lead to tenders in the Al Wusta governorate.","SCC should monitor upcoming tenders related to sustainable infrastructure projects and prepare to position itself for bidding opportunities.","2026-05-03 02:07:49"
31,1159,,likely,"The article discusses a significant industrial push in Oman, which aligns with the construction works tender from the Ministry of Housing and Urban Planning.","SCC should monitor this tender closely and consider preparing a proposal to participate in the construction works.","2026-05-03 02:07:55"
32,1159,,likely,"The industrial push mentioned in the article may lead to increased educational infrastructure, linking it to the construction tender from the Ministry of Education.","SCC should assess the potential for collaboration or bidding on the construction projects related to educational infrastructure.","2026-05-03 02:07:55"
33,1159,,likely,"The article's focus on construction projects suggests relevance to the tender for constructing carports by the Ministry of Agricultural, Fisheries Wealth and Water Resources.","SCC should evaluate this tender for potential bidding opportunities in the agricultural sector.","2026-05-03 02:07:55"
34,1159,,likely,"The construction of traditional markets mentioned in the article aligns with the tender from the Buraimi Governor Office for similar construction works.","SCC should consider preparing a proposal for the construction of traditional markets in Buraimi.","2026-05-03 02:07:55"
35,1338,,possible,"The article discusses the modernization of engineering contracts in Oman, which aligns with the general category of engineering consultancy tenders, such as the one from the South Al Batinah Governor Office.","SCC should monitor the developments in engineering contract reforms and consider positioning itself for future tenders in engineering consultancy.","2026-05-05 02:08:08"
36,1338,,possible,"The article's focus on scaling up project pipelines may relate to the supply of engineering items, as seen in the tenders from the University Of Technology And Applied Sciences.","SCC should explore potential collaborations or supply opportunities related to engineering items as the project pipeline expands.","2026-05-05 02:08:08"
37,1338,,possible,"The emphasis on addressing execution risks in the article may impact construction and maintenance tenders like the one from Asyad Drydock Company LLC.","SCC should prepare to engage in future construction and maintenance tenders as the market adapts to new engineering contract frameworks.","2026-05-05 02:08:08"
38,1338,,possible,"The article's mention of engineering and procurement aligns with the tender from Oman Environmental Services Holding Company, which involves electromechanical and telecommunications contracting.","SCC should keep an eye on electromechanical and telecommunications contracting opportunities as the engineering landscape evolves.","2026-05-05 02:08:08"
39,1338,,possible,"The article's focus on engineering contracts may also relate to the service contracts for radiology at the Sultan Qaboos Comprehensive Cancer Care and Research Center.","SCC should consider potential service contract opportunities in healthcare engineering as the project pipeline grows.","2026-05-05 02:08:08"
40,1338,,possible,"The article discusses the modernization of engineering contracts, which could indirectly affect service tenders like the one from the Ministry of Agriculture and Fisheries.","SCC should remain informed about service-related tenders in agriculture as they may evolve with the new engineering frameworks.","2026-05-05 02:08:08"
41,1410,,"FUTURE SIGNAL","Nama Water Services' network overhaul suggests upcoming civil works for water infrastructure, but no specific tenders related to this project have been identified yet.","SCC should monitor the developments closely and prepare to bid on future tenders related to water infrastructure projects.","2026-05-05 02:08:10"
42,1413,,possible,"The announcement of public utility status for new dams suggests future construction projects in Oman, which aligns with the ongoing tenders related to Sultan Haitham City by the Ministry of Housing and Urban Planning.","SCC should monitor the developments related to the new dams and prepare to bid for upcoming tenders in dam construction.","2026-05-05 02:08:13"
43,1448,,"FUTURE SIGNAL","Nama PWP's tender for a large-scale hydrogen-to-power project indicates potential civil works related to energy infrastructure in Oman, which may lead to relevant tenders in the future.","SCC should monitor the developments closely and prepare to engage in upcoming tenders related to energy infrastructure.","2026-05-06 02:01:54"
44,1412,,possible,"The article discusses enhancing infrastructure for tourism, which aligns with the tender from the Buraimi Governor Office focused on enhancing tourist sites.","SCC should monitor developments related to the Buraimi Governor Office's tender and consider potential collaboration or bidding opportunities.","2026-05-06 02:01:57"
45,1412,,possible,"The article's emphasis on improving traveler experience relates to the tender from the Ministry of Heritage and Tourism for supply and installation of amenities.","SCC should keep an eye on the Ministry of Heritage and Tourism's tender for opportunities to provide relevant services or products.","2026-05-06 02:01:57"
46,1412,,possible,"The focus on tourism infrastructure in the article may connect with the tender from the Ministry of Transport Communications and Information Technology regarding road safety enhancements.","SCC should evaluate the tender for road safety enhancements for potential involvement in improving access to tourist areas.","2026-05-06 02:01:57"
47,1585,,"FUTURE SIGNAL","Sultan Qaboos University is advancing its infrastructure, which may lead to future tenders related to construction and civil works in Muscat.","SCC should actively monitor the Oman Tender Board for upcoming tenders related to educational infrastructure projects at SQU.","2026-05-07 02:02:39"
48,1614,,possible,"The Ateen Natural Park project is located in Dhofar governorate, which aligns with the geography of the tender for making asphalt parking lots by Dhofar Municipality.","SCC should monitor the progress of the Ateen Natural Park project and consider bidding for related infrastructure works, especially in parking and access roads.","2026-05-07 02:02:41"
49,1832,,possible,"The Atin Nature Park project in Salalah is related to civil infrastructure work, which may align with future tenders in the construction sector in Dhofar governorate.","SCC should monitor upcoming tenders in the Dhofar region and prepare to submit proposals for civil infrastructure work related to the Atin Nature Park project.","2026-05-10 02:06:15"
50,1836,,possible,"The landscaping and afforestation project along Sultan Qaboos Street in Barka may relate to the tender for implementing afforestation works by the Ministry of Higher Education Research And Innovation, as both involve similar landscaping initiatives.","SCC should monitor the progress of this tender and consider preparing a proposal for potential involvement in the afforestation project.","2026-05-10 02:06:17"
51,1746,,"FUTURE SIGNAL","The proposed Geo-Adventure Park and Wellness Retreat at Oman Botanic Garden indicates future civil works opportunities in the Muscat governorate.","SCC should monitor developments closely and prepare to bid on upcoming tenders related to eco-tourism infrastructure.","2026-05-10 02:06:18"
52,1657,,likely,"The tender for construction works is associated with the Ministry of Housing and Urban Planning, which aligns with the urban growth achievements highlighted in the article.","SCC should monitor the tender closely and prepare to submit a proposal for the construction works.","2026-05-10 02:06:20"
53,1657,,possible,"The article discusses urban infrastructure development, which may relate to other supply and service tenders issued by the Ministry of Housing and Urban Planning.","SCC should keep an eye on upcoming tenders in the supply and services categories that may arise from the urban growth initiatives.","2026-05-10 02:06:20"
54,1715,,possible,"The article discusses construction on three hospitals, while the tenders relate to various construction projects in the healthcare sector.","SCC should monitor these tenders for potential subcontracting opportunities and align resources for future healthcare projects.","2026-05-10 02:06:22"
55,1702,,likely,"The Greater Muscat Structure Plan indicates a focus on urban development, which aligns with the construction and maintenance tenders issued by Muscat Municipality.","SCC should monitor these tenders closely and prepare to submit bids for relevant construction opportunities.","2026-05-10 02:06:24"
56,1702,,possible,"The ongoing urban development efforts in Muscat may lead to future tenders related to infrastructure improvements, as seen in the tender for infrastructure improvements by Muscat Municipality.","SCC should engage with local authorities to express interest in upcoming projects related to the Greater Muscat Structure Plan.","2026-05-10 02:06:24"
57,1723,,"FUTURE SIGNAL","OQ's advancement on major Oman projects indicates that tenders related to civil works in energy and infrastructure sectors may be forthcoming.","SCC should monitor the developments closely and prepare to bid on relevant tenders once they are released.","2026-05-10 02:06:25"
58,1725,,possible,"The Ateen Natural Park project is related to tourism infrastructure, which aligns with the services offered by the Ministry of Heritage and Tourism.","SCC should monitor upcoming tenders from the Ministry of Heritage and Tourism for potential opportunities in tourism-related projects.","2026-05-10 02:06:27"
59,1706,,"FUTURE SIGNAL","The article highlights security concerns related to construction sites in Barka, indicating a potential need for enhanced security measures in future tenders.","SCC should prepare to implement stronger security protocols in upcoming projects in Barka to mitigate risks of theft.","2026-05-10 02:06:28"
60,1971,,"FUTURE SIGNAL","The announcement of projects worth RO 496 million by MHUP indicates significant upcoming civil infrastructure work, but no specific tenders matching this announcement have been identified yet.","SCC should monitor future announcements and prepare to bid on relevant tenders as they become available.","2026-05-11 02:13:35"
61,1936,,"FUTURE SIGNAL","The agreement to construct 45 social housing units indicates a forthcoming demand for residential construction projects in Oman.","SCC should monitor future tenders related to social housing projects and prepare to bid when they are announced.","2026-05-11 02:13:36"
62,1945,,possible,"The economic growth in North Al Batinah may lead to future infrastructure projects, similar to those being planned by various governor offices in Oman.","SCC should monitor developments in North Al Batinah and prepare to bid on future infrastructure projects as they arise.","2026-05-11 02:13:38"
63,1948,,"FUTURE SIGNAL","The article discusses future city projects announced at the Oman Real Estate, Design & Build Exhibition, which may lead to upcoming tenders.","SCC should monitor the developments from the exhibition and prepare to bid on future tenders related to civil infrastructure projects in Muscat.","2026-05-11 02:13:40"
64,1916,,possible,"The article discusses significant real estate deals in Oman, while the tenders involve construction projects by the Public Establishment for Industrial Estates, indicating potential overlap in urban development.","SCC should monitor these tenders closely and prepare to bid on relevant construction projects as they arise.","2026-05-11 02:13:42"
65,1918,,possible,"The announcement of Musstir Heights suggests a significant residential development in Al Jabal Al Aali, which may lead to future infrastructure tenders in the region.","SCC should monitor the developments closely and prepare to bid on upcoming infrastructure tenders related to this project.","2026-05-11 02:13:43"
66,1934,,"FUTURE SIGNAL","The planned electric vehicle and battery plant in SEZAD indicates potential future civil works related to industrial infrastructure, but no current tenders match this specific project.","SCC should monitor the developments related to the electric vehicle and battery plant and prepare to bid on upcoming tenders for civil works and infrastructure related to this project.","2026-05-11 02:13:45"
67,1980,,"FUTURE SIGNAL","There are currently no tenders matching the urea plant project in Oman, but similar projects may arise in the future.","SCC should monitor the market for upcoming tenders related to industrial construction projects, particularly in the urea sector, to prepare for potential competitive bids.","2026-05-11 02:13:47"
68,1990,,"FUTURE SIGNAL","The article discusses a new project for social housing units in Muscat, while no relevant tenders for this specific construction project are currently listed.","SCC should monitor future tenders related to social housing projects in Muscat to identify potential opportunities or competition.","2026-05-12 02:07:28"
69,1994,,likely,"The South Sharqiyah Governor Office is involved in multiple construction and maintenance tenders, aligning with the 27 new development projects announced in Al Sharqiyah South.","SCC should monitor these tenders closely and prepare to submit proposals for relevant construction projects.","2026-05-12 02:07:33"
70,1994,,confirmed,"The tender for the completion of construction and the rehabilitation and paving of roads is directly linked to the ongoing development projects in Al Sharqiyah South.","SCC should actively participate in these tenders as they directly relate to the announced projects.","2026-05-12 02:07:33"
71,1994,,confirmed,"The tender for the construction of a retaining wall is also associated with the development projects in Al Sharqiyah South.","SCC should prepare a competitive bid for this construction tender to capitalize on the growth in the region.","2026-05-12 02:07:33"
72,2060,,possible,"The article discusses ongoing momentum in the construction sector, and the tender for 'PROJECT TO BUILD PARKING SPA...' relates to construction activities in Oman.","SCC should monitor this tender closely and consider preparing a bid if it aligns with their capabilities.","2026-05-12 02:07:35"
73,2069,,likely,"The Sultan Haitham City Phase 01 tenders from the Ministry of Housing and Urban Planning are likely related to the announced $1.28 billion deals for future city projects in Oman.","SCC should prepare to bid on the Sultan Haitham City tenders as they align with the upcoming infrastructure projects.","2026-05-12 02:07:39"
74,2061,,possible,"Retal's housing project in Sultan Haitham City suggests potential future civil works opportunities in the Muscat governorate, which could relate to infrastructure tenders.","SCC should monitor upcoming tenders in the Muscat area and prepare to bid on related civil works projects.","2026-05-12 02:07:41"
75,2068,,possible,"The MoTCIT is involved in unveiling projects that may include infrastructure works, while the tenders listed are from the Projects Tenders and Local Content Authority, which may be related to the same sector.","SCC should monitor these tenders for any future infrastructure-related opportunities that may arise from the MoTCIT's announcements.","2026-05-12 02:07:43"
76,1938,,possible,"The unveiling of the ‘Musstir Heights’ project in Jabal Akdhar may lead to future civil works, which could relate to the construction category of tenders.","SCC should monitor upcoming tenders related to civil works in Jabal Akdhar and prepare to bid on relevant projects.","2026-05-12 02:07:45"
77,1977,,possible,"The article discusses strategic agreements for future cities in Oman, which aligns with the general focus of several tenders related to strategic planning and consulting services.","SCC should monitor these tenders closely for potential opportunities in urban development projects.","2026-05-12 02:07:46"
78,2148,,"FUTURE SIGNAL","The announcement of a 424-kilometer road network expansion in Dhofar indicates future road construction opportunities, but no current tenders match this specific project.","SCC should monitor the Oman Tender Board for upcoming tenders related to road construction in Dhofar and prepare to bid on relevant projects.","2026-05-13 02:13:08"
79,2179,,confirmed,"The tender for 'Sultan Haitham City Phase 01' by the Ministry of Housing and Urban Planning directly relates to the $104M contracts awarded for the Sultan Haitham City project.","SCC should prepare to bid for the Sultan Haitham City tenders and assess its capabilities to meet the project's requirements.","2026-05-13 02:13:12"
80,2179,,confirmed,"Another tender for 'Sultan Haitham City Phase-01' by the Ministry of Housing and Urban Planning is also linked to the awarded contracts for the Sultan Haitham City project.","SCC should actively engage in the bidding process for this tender to secure a role in the Sultan Haitham City project.","2026-05-13 02:13:12"
81,2179,,confirmed,"The tender for 'Sultan Haitham City, Phase-01' by the Ministry of Housing and Urban Planning is part of the contracts awarded for the Sultan Haitham City project.","SCC should analyze the tender specifications and prepare a competitive proposal for this project.","2026-05-13 02:13:12"
82,2179,,confirmed,"The tender for 'Sultan Haitham City Operations' by the Ministry of Housing and Urban Planning is associated with the Sultan Haitham City contracts awarded.","SCC should consider its capabilities in electromechanical and telecommunications contracting and prepare to submit a bid.","2026-05-13 02:13:12"
83,2193,,possible,"The news article discusses a road construction deal in Egypt, while the tenders listed are related to services and supply in Oman, indicating a potential interest in similar projects in the region.","SCC should monitor the road construction sector in Egypt and assess potential opportunities for collaboration or competition.","2026-05-13 02:13:13"
84,2258,,"FUTURE SIGNAL","The article discusses agreements to enhance fibre optic infrastructure, indicating potential future civil works opportunities in telecommunications, particularly in residential projects in Muscat.","SCC should monitor developments related to these agreements and prepare to bid on upcoming tenders related to civil works for telecommunications infrastructure.","2026-05-14 02:06:26"
85,2229,,confirmed,"The tenders for Sultan Haitham City Phase 01 and related projects are directly linked to the urban development project mentioned in the article.","SCC should prepare to bid on these tenders and align resources for potential involvement in the Sultan Haitham City project.","2026-05-14 02:06:31"
86,2229,,confirmed,"The tender for Sultan Haitham City Operations is also directly related to the urban development project discussed in the article.","SCC should monitor this tender closely and consider submitting a proposal to participate in the operations phase of Sultan Haitham City.","2026-05-14 02:06:31"
87,2221,,"FUTURE SIGNAL","The announcement of Oman’s first large-scale Round-the-Clock renewable energy project indicates that relevant tenders may be forthcoming in the energy sector.","SCC should monitor the developments closely and prepare to engage in future tenders related to renewable energy infrastructure.","2026-05-14 02:06:35"
88,2280,,"FUTURE SIGNAL","Dhofar plans to add 424km of new roads this year, indicating upcoming civil works in road construction.","SCC should monitor for tender announcements from the Ministry of Transport, Communications and Information Technology (MTCIT) related to road construction projects.","2026-05-14 02:06:38"
89,2320,,"FUTURE SIGNAL","The article discusses the construction of the Riyah-1 and Riyah-2 wind farms, which are significant renewable energy projects in Oman, but there are no matching tenders related to this sector currently available.","SCC should monitor future tenders related to renewable energy projects in the Dhofar governorate and prepare to position itself for potential bidding opportunities.","2026-05-15 02:14:31"
90,2439,,"FUTURE SIGNAL","The article discusses upcoming consultancy services for gas-fired IPP projects, which are not yet matched by any current tenders.","SCC should monitor the Oman Tender Board for future tenders related to gas-fired IPP projects and prepare to submit proposals when they become available.","2026-05-16 02:17:20"
91,2448,,possible,"The article discusses the Muscat Expressway expansion project, which is related to road construction, while the tenders involve road maintenance and development in Muscat.","SCC should monitor upcoming tenders from the Ministry of Transport, Communications and Information Technology for potential opportunities related to the Muscat Expressway expansion.","2026-05-17 02:12:22"
92,2487,,possible,"The announcement of Jindal Steel's investment in an integrated iron and steel plant in Suhar suggests potential future civil works in the Al Batinah governorate, which aligns with the construction category of the tender from the South Al Batinah Governor Office.","SCC should monitor this project closely for future civil works opportunities and consider preparing to bid on related tenders.","2026-05-17 02:12:25"
93,2484,,"FUTURE SIGNAL","The MTCIT's plans for solar-powered street lights indicate potential future civil works in urban infrastructure projects across Oman, but no current tenders match this specific project.","SCC should monitor future tenders related to urban infrastructure and solar-powered projects from MTCIT.","2026-05-17 02:12:26"
94,2611,,possible,"The article mentions over RO 100m allocated for road projects in Al Dakhiliyah, which aligns with the general category of road construction, although no specific tenders for road projects in Al Dakhiliyah were found.","SCC should monitor future tenders in Al Dakhiliyah and prepare to bid on upcoming road construction projects.","2026-05-18 02:08:21"
95,2576,,likely,"The construction of carports by the Ministry of Agricultural, Fisheries Wealth and Water Resources aligns with the fisheries sector focus of the Raysut Fishing Port rehabilitation.","SCC should monitor this tender closely and consider submitting a bid if it aligns with their capabilities and strategic interests.","2026-05-18 02:08:23"
96,2676,,"FUTURE SIGNAL","The investment agreement to establish a sustainable cement products factory in Khazaen Economic City suggests that tenders for civil works related to this factory may be issued in the future.","SCC should monitor the developments in Khazaen Economic City and prepare to bid for upcoming tenders related to the construction of the factory.","2026-05-19 02:14:03"
97,2685,,"FUTURE SIGNAL","The expansion of the food and beverage factory project in Khazaen Economic City is expected to require additional civil works, which may lead to future tenders.","SCC should monitor the developments in Khazaen Economic City and prepare to bid for upcoming tenders related to civil works and infrastructure development.","2026-05-19 02:14:05"
98,2707,,"FUTURE SIGNAL","The article mentions OMR 100M allocated for integrated road projects in Al Dakhiliyah Governorate, indicating future tenders related to road construction.","SCC should monitor the Oman Tender Board portal for upcoming tenders related to road construction in Al Dakhiliyah Governorate and prepare to submit proposals.","2026-05-19 02:14:08"
99,2599,,likely,"The tender for rehabilitation and maintenance by the Ministry of Agricultural, Fisheries Wealth and Water Resources aligns with the ongoing efforts to develop fishery harbours in Dhofar.","SCC should monitor this tender closely and prepare to submit a proposal if it aligns with their capabilities.","2026-05-19 02:14:12"
100,2599,,possible,"The rehabilitation works at various ministries indicate ongoing construction activities in the region, which may relate to future projects in marine infrastructure.","SCC should keep an eye on these tenders for potential collaboration or bidding opportunities in the future.","2026-05-19 02:14:12"
