id,tender_number,score,recommendation,reasoning,scored_at
1,"2026/21/م م ب/ م ر -21",20,SKIP,"The tender is for a Second/Third grade project with a fee of 30 OMR, categorizing it as a minor maintenance job, which is below SCC's operating scale.","2026-05-19 02:04:51.704951"
2,"2026/1602/و ص/م ص-9",25,SKIP,"Although the grade is Excellent, First, the fee is below 30 OMR, making it a minor job that does not align with SCC's core capabilities.","2026-05-19 02:04:51.705396"
3,"2026/1604/و ص/م ص-10",30,SKIP,"This tender involves renovation work, which is categorized as small-scale maintenance, limiting the score despite the First grade.","2026-05-19 02:04:51.705820"
4,"2026/25/و ت ت/ م ر -1 - اعادة طرح - 1",35,SKIP,"The tender is for a Second/Third grade project, which is below SCC's operating scale, resulting in a maximum score of 35.","2026-05-19 02:04:51.706232"
5,"2026/1569/و ص/ق م-48",35,SKIP,"Similar to the other tenders, this project is categorized as Second/Third grade, which does not align with SCC's capabilities.","2026-05-19 02:04:51.706628"
6,"2026/20/م م ب/ م ر -20",35,SKIP,"This tender is also for a Second/Third grade project, which is not suitable for SCC's scale of operations.","2026-05-19 02:04:51.707023"
7,"2026/240/و ت ت/ م ر -149",30,SKIP,"This tender is for electromechanical and telecommunications work, which is outside SCC's core capabilities, despite the Excellent/First grade.","2026-05-19 02:09:41.193515"
8,"2026/18/م م ب/ م ر -18",20,SKIP,"This tender is for a Second/Third grade project with a low fee, making it a minor maintenance job that does not fit SCC's core capabilities.","2026-05-19 02:04:51.707780"
9,"2026/1558/و ص/ م ر -106",20,SKIP,"The tender is for roof waterproofing works with a fee below 30 OMR and a grade of Second/Third, making it too small and below SCC's operating scale.","2026-05-19 02:05:01.472711"
10,"2026/230/و ت ت/ م ر -32",20,SKIP,"This maintenance tender also falls under Second/Third grade with a fee below 30 OMR, which is not aligned with SCC's capabilities.","2026-05-19 02:05:01.474775"
11,"2026/40/ش ت ن ع/ق م ش-32",20,SKIP,"The scope is related to electromechanical and telecommunications, which is outside SCC's core competencies, despite the higher grade classification.","2026-05-19 02:09:08.087808"
12,"2026/10/م م ج ش/ب ج ش-4",70,STRONG_FIT,"This First grade tender has a reasonable scope for construction, although there is competition from Strabag.","2026-05-19 02:09:50.970487"
13,"2026/74/ه ب/ م ر -15",20,SKIP,"The tender is for construction of a desert oasis with a fee below 30 OMR and a grade of Second/Third, which is not suitable for SCC.","2026-05-19 02:05:01.478670"
14,"2026/73/ه ب/ م ر -14",20,SKIP,"Similar to the previous tender, this is also a small-scale construction job with a grade of Second/Third, making it unsuitable for SCC.","2026-05-19 02:05:01.480223"
15,"2026/216/و ز ث س م/ م ر -18",20,SKIP,"This tender is for a construction project with a fee below 30 OMR and a grade of Second/Third, which does not align with SCC's capabilities.","2026-05-19 02:05:01.481923"
16,"2026/223/و ت ت/ م ر -4",30,SKIP,"The renovation works tender is for a Second grade project, which SCC should avoid due to its lower classification and scope.","2026-05-19 02:05:01.486335"
17,"2026/214/و ت ت/ م ر -3",20,SKIP,"This tender is for restoration work and has a grade of Second with a fee above 30 OMR, but still falls below SCC's operational scale.","2026-05-19 02:05:11.271431"
18,"2026/16/ب م ع/ م ر -11",80,STRONG_FIT,"This tender has an Excellent grade and aligns well with SCC's capabilities, with low competition and a reasonable fee.","2026-05-19 02:05:11.272002"
19,"2026/37/ش ت ن ع/ق م ش-30",30,SKIP,"The scope of maintenance for greenhouses does not align with SCC's core capabilities, leading to a low score.","2026-05-19 02:05:11.272398"
20,"2025/64/م م/ م ر -19 - اعادة طرح - 1",85,STRONG_FIT,"This tender has a strong historical win rate for SCC and aligns well with its core capabilities, making it a valuable pursuit.","2026-05-19 02:09:18.677151"
21,"2026/5/مواصلات/ م ر -3",20,SKIP,"The tender fee is 0 OMR and it falls under a Second/Third grade classification, making it too small for SCC's scale.","2026-05-19 02:09:08.085466"
22,"2026/20/م م/ م ك-15",35,WATCH,"This tender has a mixed grade of First/Second and a low fee, which limits its attractiveness for SCC, but it may be worth monitoring for potential changes.","2026-05-19 02:10:00.309773"
23,"2025/798/و ز ث س م/ م ر -90 - اعادة طرح - 1",75,CONSIDER,"This tender is for detailed design and construction with an Excellent grade, but competition may be higher.","2026-05-19 02:05:11.273935"
24,"2026/181/و ت ت/ م ر -2",20,SKIP,"Similar to the previous education tenders, this restoration work falls below SCC's operational scale due to its Second grade.","2026-05-19 02:05:11.274229"
25,"2026/5/عُمران/ م ر -5",90,MUST_BID,"This tender involves core construction work with an Excellent and First grade, indicating a strong alignment with SCC's capabilities.","2026-05-19 02:05:19.808567"
26,"2026/1/ج س ق/ م ر -1 - اعادة طرح - 1",30,SKIP,"The scope involves repainting, which is outside SCC's core capabilities, and the historical competition indicates a challenging bidding environment.","2026-05-19 02:10:00.305974"
27,"2026/12/ب م ع/د ش إ-1",30,SKIP,"The tender is for an annual maintenance contract, which does not align with SCC's core capabilities in large-scale civil infrastructure.","2026-05-19 02:05:19.809524"
28,"2026/1140/و ص/ م ر -82",30,SKIP,"This tender involves maintenance works, which are not aligned with SCC's focus on larger infrastructure projects.","2026-05-19 02:05:19.809886"
29,"2025/19/ج س ق/ م ر -16 - اعادة طرح - 1",90,MUST_BID,"This tender involves construction work with an Excellent and First grade, making it a strong fit for SCC's capabilities.","2026-05-19 02:05:19.810184"
30,"2026/18/هـ م م م",90,MUST_BID,"The construction of flood protection works aligns perfectly with SCC's core capabilities, and the lack of tracked competitors enhances the win probability.","2026-05-19 02:05:19.810475"
31,"2026/57/ه ب/ م ر -10",35,SKIP,"With a Second and Third grade and a low fee, this tender is below SCC's operational scale and not worth pursuing.","2026-05-19 02:08:55.673314"
32,"2026/5/ج س ق/ م ر -5",20,SKIP,"With a fee of 10 OMR and a Second grade, this tender falls below SCC's operating scale and is not a viable opportunity.","2026-05-19 02:08:55.672278"
33,"2026/145/و ت ت/ م ر -1",20,SKIP,"This tender is for renovation works with a Second grade classification and a low fee of 10 OMR, making it unsuitable for SCC.","2026-05-19 02:09:08.087030"
34,"2026/31/و إ ت ع/ م ر -6",85,STRONG_FIT,"This tender involves construction of ports, roads, and bridges with an Excellent, First grade, providing a strong alignment with SCC's core capabilities.","2026-05-19 02:05:30.831595"
35,"2026/5/م م ظ/ م ر -4",85,STRONG_FIT,"This tender aligns well with SCC's capabilities in construction, has an Excellent and First grade classification, and a reasonable competition level.","2026-05-19 02:09:08.087432"
36,"2026/42/و ث ر ش/ م ر -5",20,SKIP,"This tender is also for maintenance with a fee of 10 OMR and a Second grade, which is not aligned with SCC's core capabilities.","2026-05-19 02:08:55.671940"
37,"2026/41/و ث ر ش/ م ر -4",20,SKIP,"The tender is for maintenance works with a fee below 30 OMR and only holds a Second grade, making it too small for SCC's capabilities.","2026-05-19 02:08:55.671467"
38,"2026/31/و م/ م ر -3",85,STRONG_FIT,"This tender has an Excellent and First grade and aligns well with SCC's capabilities in large-scale construction, making it a strong candidate.","2026-05-19 02:08:55.672600"
39,"2026/170/ج ت ع ت/ م ر -9",30,SKIP,"Although it has an Excellent and First grade classification, the scope is limited to classroom construction, which is outside SCC's core capabilities.","2026-05-19 02:09:08.085895"
40,"2026/4/ج س ق/ م ر -4",20,SKIP,"The tender fee is 10 OMR and it is categorized under pipeline construction but only has a Second grade classification, making it too small for SCC.","2026-05-19 02:09:08.086261"
41,"2026/5/ب م ع/ م ر -4",35,SKIP,"The tender is for electromechanical and telecommunications maintenance, which is outside SCC's core capabilities.","2026-05-19 02:05:41.947351"
42,"2026/110/و ز ث س م/ م ر -13",70,STRONG_FIT,"This tender includes construction of ports and roads, which aligns with SCC's capabilities, but the competition from Arab Contractors could be a concern.","2026-05-19 02:09:30.918629"
43,"2026/1/ع ح ج/ م ر -1",21,SKIP,"As a re-tender with Excellent and First grade, it presents a good opportunity for SCC, especially if the previous bids were unsatisfactory. (Score reduced from 70: private non-strategic issuer)","2026-05-19 02:09:18.676795"
44,"2026/752/و ص/ م ر -54",20,SKIP,"The tender fee is 25 OMR and it falls under a First/Second grade classification, which is below SCC's operating scale.","2026-05-19 02:09:08.086617"
45,"2026/16/ه ت م ص م/ م ر -7",30,SKIP,"Although it has an Excellent and First grade, the low fee indicates it is a small-scale maintenance project, which does not align with SCC's core capabilities.","2026-05-19 02:08:55.673673"
46,"2026/10/هـ م م م",30,SKIP,"Despite the Excellent and First grade, the lack of a fee and the nature of the work suggest it may not be substantial enough for SCC.","2026-05-19 02:08:55.673035"
47,"2026/31/ه ب/ق م-26",35,SKIP,"The scope is primarily supply-related, which does not align with SCC's core civil infrastructure capabilities.","2026-05-19 02:05:41.949807"
48,"2026/572/و ص/م ن ز و م-49",0,SKIP,"This tender is for maintenance work with a low grade, which is far below SCC's operational scale.","2026-05-19 02:05:41.950230"
49,"2025/22/و ط م/ م ر -8 - اعادة طرح - 1",20,SKIP,"This tender is for maintenance services with a low fee and falls under a Second/Third grade, making it unsuitable for SCC's operational scale.","2026-05-19 02:10:00.306733"
50,"2026/347/و ص/م ن ز و م-20",20,SKIP,"This tender is for maintenance services with a fee below 30 OMR, which does not align with SCC's core capabilities.","2026-05-19 02:05:53.658758"
51,"2026/13/و إ ت ع/ م ر -4",50,CONSIDER,"While the tender is for manufacturing services, it has a reasonable fee and low competition, making it worth considering.","2026-05-19 02:05:53.659365"
52,"2026/260/و ص/م ن ز و م-9",85,STRONG_FIT,"This tender for construction and maintenance aligns well with SCC's capabilities and has no tracked competitors.","2026-05-19 02:05:53.659799"
53,"2026/9/و إ ت ع/ م ر -2",90,MUST_BID,"This tender is for construction work under Excellent/First grade with no tracked competitors, aligning perfectly with SCC's core capabilities.","2026-05-19 02:10:07.624990"
54,"2026/23/و ع/ق م-23",70,STRONG_FIT,"This construction tender has a good alignment with SCC's capabilities and a manageable level of competition.","2026-05-19 02:05:53.660668"
55,"2025/131/ه ب/ق م -86- اعادة طرح - 1",0,SKIP,"The tender is for supply work, which does not align with SCC's core capabilities and has no relevant historical context.","2026-05-19 02:05:53.661109"
56,"2026/24/ج ت ع ت/ م ر -2",35,SKIP,"The tender is for pipeline work but is only graded Third/Fourth, which is below SCC's operational standards.","2026-05-19 02:05:53.661508"
57,"2026/133/و ص/م ع خ ص م-1",20,SKIP,"The tender is for electromechanical maintenance with a fee below 30 OMR and a grade of Second, making it too small and outside SCC's core capabilities.","2026-05-19 02:06:03.919435"
58,"2025/25/و أ ش د/ م ر -16",20,SKIP,"This tender involves interior decoration works with a grade of Second and a low fee, which does not align with SCC's core capabilities.","2026-05-19 02:06:03.920167"
59,"2025/114/و ت ص/م ع ت ص ب-3",70,STRONG_FIT,"The tender is for electromechanical maintenance with an Excellent grade, indicating a good match to SCC's capabilities despite competition.","2026-05-19 02:06:03.920853"
60,"2025/714/و ت ت/م ع م ش ب-41",30,SKIP,"This tender is for maintenance of lifts, which is a small-scale maintenance job and does not align with SCC's core infrastructure capabilities.","2026-05-19 02:06:03.921380"
61,"2025/145/و ت ع ب ا/ م ر -27",90,MUST_BID,"The tender involves pipeline network construction with an Excellent grade, aligning perfectly with SCC's core capabilities and presenting a strong win probability.","2026-05-19 02:06:03.921785"
62,"2025/54/و ث ر ش/ م ر -22",30,SKIP,"This tender is for electromechanical maintenance, which is a small-scale job and does not fit SCC's core capabilities.","2026-05-19 02:06:03.922195"
63,"2025/89/ه ب/ م ر -17",30,SKIP,"The tender involves construction and maintenance with a grade of First and Second, but it does not align with SCC's core capabilities.","2026-05-19 02:06:03.922571"
64,"2025/21/ج ض/ م ر -7",20,SKIP,"This tender is for office renovations with a grade of Second and Third, which is below SCC's operating scale.","2026-05-19 02:06:03.922959"
65,"2025/12/ م ز ك ت",35,WATCH,"While the tender is classified as Excellent and First, it involves maintenance works, which are below SCC's core capabilities and scale.","2026-05-19 02:06:15.495263"
66,"2025/2263/و ص/م ص م-190",85,STRONG_FIT,"This tender involves pipeline network construction, aligning well with SCC's core capabilities, despite competition from notable firms like Galfar and L&T.","2026-05-19 02:06:15.495655"
67,"2025/6/مواصلات/ م ر -6",35,WATCH,"The tender includes Second and Third grade classifications, which limit its appeal to SCC due to lower operational scale.","2026-05-19 02:06:15.496040"
68,"2025/3/ م س ق س أ س",20,SKIP,"The tender fee is below 30 OMR and involves electromechanical work, which is outside SCC's core capabilities.","2026-05-19 02:06:15.496407"
69,"2025/4/ م س ق س أ س",20,SKIP,"Similar to the previous tender, this involves a low fee and maintenance work, which does not align with SCC's core strengths.","2026-05-19 02:06:15.496721"
70,"2025/32/ج ت ع ت/ م ر -17",20,SKIP,"The tender is limited to Second and Third grade classifications and involves horticulture, which is outside SCC's core capabilities.","2026-05-19 02:06:15.497308"
71,"2025/20/ج ت ع ت/ م ر -9",20,SKIP,"This tender is also limited to Second and Third grade classifications and involves electromechanical work, which does not fit SCC's focus.","2026-05-19 02:06:15.497693"
72,"2024/140/م م/ م ك-80",30,SKIP,"Although it is a First grade tender, it involves maintenance work which is not aligned with SCC's core capabilities.","2026-05-19 02:06:15.498096"
73,"2024/28/م و/ م ر -6",30,SKIP,"Although the grade is Excellent, the scope does not align with SCC's core capabilities in civil infrastructure.","2026-05-19 02:06:25.771065"
74,"2024/25/و ث ر ش/ م ر -25",0,SKIP,"The tender is for maintenance and operation in a non-core category, making it unsuitable for SCC.","2026-05-19 02:06:25.771560"
75,"2024/4/ع ح ج/ م ر -4",9,SKIP,"While the grade is Excellent, the category does not align with SCC's core capabilities in civil infrastructure. (Score reduced from 30: private non-strategic issuer)","2026-05-19 02:06:25.772117"
76,"2024/121/و ت س/د ش م-98",30,SKIP,"The scope of electric extensions does not fit SCC's core competencies in large-scale civil infrastructure.","2026-05-19 02:06:25.772567"
77,"2024/71/م م/ م ك-41",20,SKIP,"The tender grade is Second/Third and the fee is below 30 OMR, making it a minor maintenance job not suitable for SCC.","2026-05-19 02:06:25.773001"
78,"2023/111/و ا/د م-99",0,SKIP,"The tender involves maintenance of elevators, which is outside SCC's core capabilities.","2026-05-19 02:06:25.773394"
79,"2023/19/و ث ر ش/ م ر -19",20,SKIP,"The tender is for maintenance and operation in a non-core category with a fee below 30 OMR, making it unsuitable for SCC.","2026-05-19 02:06:25.773803"
80,"2023/27/م و/ق ص-14",0,SKIP,"The tender involves supply of fire exit lights, which does not align with SCC's core civil infrastructure capabilities.","2026-05-19 02:06:25.774220"
81,"2023/2758/و ص/م إ ب ر م-10",85,STRONG_FIT,"The tender involves pipeline network construction, which aligns well with SCC's capabilities and has an Excellent grade, indicating a strong fit.","2026-05-19 02:06:35.204138"
82,"2023/50/بيئة/ق م ش-40",20,SKIP,"The tender fee is below 30 OMR and the grade is Second, which limits the score significantly and makes it a minor maintenance job not suitable for SCC.","2026-05-19 02:06:35.204630"
83,"2023/169/و ت أ/د م ص -11- اعادة طرح - 1",20,SKIP,"This tender is for maintenance of water pumps and falls under Second grade, which is below SCC's operating scale and not aligned with their core capabilities.","2026-05-19 02:06:35.205036"
84,"2023/207/و ت أ/د م ص-17",20,SKIP,"The scope involves digging a water line under a Second grade classification, making it too small and not suitable for SCC.","2026-05-19 02:06:35.205490"
85,"2023/201/ب ظ/خ م ص م-107",20,SKIP,"The tender involves making asphalt parking lots with a fee of 25 OMR, which is below SCC's scale and capabilities.","2026-05-19 02:06:35.205812"
86,"2023/65/م م/ م ر -24",90,MUST_BID,"This tender for design and construction of ports, roads, and bridges aligns perfectly with SCC's core capabilities and has an Excellent grade, indicating a high win probability.","2026-05-19 02:06:35.206187"
87,"2023/18/ج ت ع ت/ك ت ع م ع -3- اعادة طرح - 1",30,SKIP,"The tender is for signage and falls under Second grade, which limits its relevance to SCC's core capabilities and is considered too small.","2026-05-19 02:06:35.206527"
88,"2023/16/م و/ق ص-9",35,SKIP,"This tender involves electromechanical and telecommunications work, which is outside SCC's core capabilities, and the grade does not meet SCC's qualifications.","2026-05-19 02:06:35.206888"
89,"2023/41/و ا/د م-39",30,SKIP,"The tender is for electromechanical and telecommunications contracting, which is outside SCC's core capabilities.","2026-05-19 02:06:45.042496"
90,"2023/21/و ت ع ب ا/د ش م-18",30,SKIP,"This tender involves civil modification works, which does not align closely with SCC's core infrastructure capabilities.","2026-05-19 02:06:45.043138"
91,"2022/97/م م/ م ك -61- اعادة طرح - 2",20,SKIP,"Although it falls under construction of ports and roads, the fee is below the minimum threshold, making it a minor job not suitable for SCC.","2026-05-19 02:06:45.043556"
92,"2022/2812/و ص/م ع م س -128- اعادة طرح - 1",30,SKIP,"This tender is for maintenance and cleaning, which is a small-scale maintenance job not aligned with SCC's core capabilities.","2026-05-19 02:06:45.043950"
93,"2022/52/و ت ع ب ا/د ش م-27",90,MUST_BID,"This tender for pipeline network construction aligns perfectly with SCC's core capabilities, and the competition level appears manageable.","2026-05-19 02:06:45.044268"
94,"2022/21/و ث ر ش/ م ر -21",20,SKIP,"The fee is below the minimum threshold for a major job, and it is focused on maintenance and operation, which is not SCC's specialty.","2026-05-19 02:06:45.044636"
95,"2022/69/ه ت م ص م/م ع ش ا م -52- اعادة طرح - 1",30,SKIP,"This tender is for construction and maintenance, which does not align closely with SCC's core capabilities.","2026-05-19 02:06:45.045065"
96,"2022/47/و ت ع ب ا/د ش م-23",90,MUST_BID,"This tender for pipeline network construction aligns perfectly with SCC's core capabilities, and the competition level appears manageable.","2026-05-19 02:06:45.045448"
97,"2022/29/م م ش ب/ م ر -20",20,SKIP,"This tender is for a Second grade project with a fee above 30 OMR, but still falls below SCC's operating scale, making it unsuitable.","2026-05-19 02:06:56.764991"
98,"2022/45/و ت ص/م ع ت ص ب-1",35,SKIP,"Although the grade is Excellent, First, Second, Third, Fourth, the category does not align with SCC's core capabilities, which limits its strategic fit.","2026-05-19 02:06:56.765416"
99,"2022/24/م و/ق ص-11",30,SKIP,"This tender involves painting works, which is a small-scale maintenance job, thus not aligning with SCC's core capabilities.","2026-05-19 02:06:56.765831"
100,"2022/93/و ت أ/د م ص-6",20,SKIP,"This tender is for a Second grade project, which is below SCC's operating scale and not suitable for bidding.","2026-05-19 02:06:56.766296"
101,"2022/39/ مجان",35,SKIP,"While the grade is Excellent, First, Second, Third, Fourth, the category does not align with SCC's core capabilities, making it a poor fit.","2026-05-19 02:06:56.766627"
102,"2022/59/و ص/م ع م س-10",20,SKIP,"Despite being an Excellent grade tender, the fee is too low and the project scope does not align with SCC's core capabilities.","2026-05-19 02:06:56.766994"
103,"2022/3/بيئة/ م ر -1",20,SKIP,"This tender is for a project that does not align with SCC's core capabilities, despite being classified as Excellent.","2026-05-19 02:06:56.767273"
104,"2021/45/بيئة/ق م ش-17",35,SKIP,"Although the grade is Excellent, First, Second, Third, Fourth, the category does not match SCC's core capabilities, leading to a low strategic fit.","2026-05-19 02:06:56.767552"
105,"2021/133/ مجان",20,SKIP,"The tender fee is below 30 OMR and the grade includes Second, which limits the score due to SCC's operating scale.","2026-05-19 02:07:04.415058"
106,"2021/36/ش ا ع/ م ر -26",50,CONSIDER,"While the tender category is a good match, the competition level is uncertain with only 4 total awards historically.","2026-05-19 02:07:04.415360"
107,"2021/23/و ش ر/ م ر -23",20,SKIP,"The tender fee is below 30 OMR and the scope is related to maintenance, which is outside SCC's core capabilities.","2026-05-19 02:07:04.415667"
108,"2021/165/و ت ت/م ع م ش ش-2",20,SKIP,"The tender fee is below 30 OMR and the work is maintenance-related, limiting its relevance to SCC's core capabilities.","2026-05-19 02:07:04.416152"
109,"2021/43/م م/ م ر -31",85,STRONG_FIT,"This tender involves construction of roads and bridges, aligning well with SCC's core capabilities, and has no tracked competitors.","2026-05-19 02:07:04.416591"
110,"2021/259/و ز ث س م/م ع ز م ش ش-10",70,STRONG_FIT,"The pipeline construction category fits SCC's expertise, but the lack of a fee makes it harder to assess competitiveness.","2026-05-19 02:07:04.416914"
111,"2021/236/و ز ث س م/م ع ز م ش ش-7",70,STRONG_FIT,"Similar to the previous tender, it aligns with SCC's capabilities in construction, but again lacks a fee for assessment.","2026-05-19 02:07:04.417204"
112,"2021/8/بيئة/ م ر -8",50,CONSIDER,"While the category is relevant, the historical context shows moderate competition, making it a bid worth considering.","2026-05-19 02:07:04.417493"
113,"2021/23/م ب ع/ م ر -1",30,SKIP,"Although the grade is Excellent, the scope of work is not aligned with SCC's core capabilities, and the fee is below the minimum threshold for serious consideration.","2026-05-19 02:07:14.220294"
114,"2021/8/ ن ا د",28,SKIP,"This tender aligns perfectly with SCC's core capabilities in road construction, has an Excellent grade, and faces minimal competition, making it a strong opportunity. (Score reduced from 95: private non-strategic issuer)","2026-05-19 02:07:14.220630"
115,"2020/402/و ت ت/م ع م ظ-4",20,SKIP,"The tender is for maintenance work and has a Second grade classification, which is below SCC's operating scale, and the fee is also low.","2026-05-19 02:07:14.220967"
116,"2020/403/و ت ت/م ع م ظ-5",20,SKIP,"Similar to the previous tender, this is also for maintenance work with a Second grade classification, making it unsuitable for SCC.","2026-05-19 02:07:14.221350"
117,"2020/581/و ز ث س/م م ص-59",35,SKIP,"Despite having an Excellent grade, the scope is not aligned with SCC's core capabilities, and it falls under maintenance work.","2026-05-19 02:07:14.221674"
118,"2020/582/و ز ث س/م م ص-60",35,SKIP,"This tender also falls under maintenance work with an Excellent grade but does not align with SCC's core capabilities.","2026-05-19 02:07:14.222054"
119,"2020/545/و ز ث س/م ب ز و-125",35,SKIP,"The tender includes maintenance work and has a mixed grade classification, which is not suitable for SCC.","2026-05-19 02:07:14.222364"
120,"2020/21/ه ع ت أ/ق م ش-13",35,SKIP,"This tender involves maintenance work with a mixed grade classification, which does not fit SCC's core capabilities.","2026-05-19 02:07:14.222753"
121,"2020/491/و ز ث س/م ب ز و-111",30,SKIP,"This tender involves maintenance work in a category that does not align with SCC's core capabilities, and it is likely to be a small-scale job.","2026-05-19 02:07:25.030694"
122,"2020/488/و ز ث س/م ب ز و-109",90,MUST_BID,"This tender is for pipeline network construction, a core capability of SCC, with a strong win probability due to limited competition.","2026-05-19 02:07:25.031224"
123,"2020/8/ع ح ج/ م ر -8",9,SKIP,"The scope of this tender does not align with SCC's core capabilities, and it is likely to be a small-scale job. (Score reduced from 30: private non-strategic issuer)","2026-05-19 02:07:25.031655"
124,"2020/424/و ز ث س/م م ص-48",30,SKIP,"This tender involves maintenance work in a category that does not align with SCC's core capabilities, and it is likely to be a small-scale job.","2026-05-19 02:07:25.032084"
125,"2020/364/و ز ث س/م ب ز و-92",30,SKIP,"This tender involves maintenance work in a category that does not align with SCC's core capabilities, and it is likely to be a small-scale job.","2026-05-19 02:07:25.032464"
126,"2020/11/ه ع ت أ/ق م ش-4",30,SKIP,"This tender involves electromechanical contracting and maintenance, which is outside SCC's core capabilities.","2026-05-19 02:07:25.032858"
127,"2020/345/و ز ث س/م ب ز و-85",30,SKIP,"This tender involves maintenance work in a category that does not align with SCC's core capabilities, and it is likely to be a small-scale job.","2026-05-19 02:07:25.033271"
128,"2020/298/و ز ث س/م ب ز و-75",90,MUST_BID,"This tender is for pipeline network construction, a core capability of SCC, with a strong win probability due to limited competition.","2026-05-19 02:07:25.033649"
129,"2020/291/و ز ث س/م ب ز و-73",30,SKIP,"The tender is for electromechanical and telecommunications maintenance, which is outside SCC's core capabilities.","2026-05-19 02:07:34.122858"
130,"2020/290/و ز ث س/م ب ز و-72",30,SKIP,"Similar to the previous tender, this is focused on electromechanical maintenance and does not align with SCC's core work.","2026-05-19 02:07:34.123553"
131,"2020/267/و ز ث س/م ب ز و-63",30,SKIP,"This tender also falls under electromechanical maintenance, which is not a strategic fit for SCC.","2026-05-19 02:07:34.124238"
132,"2020/2/ و ب ش م -اعادة طرح- 1",20,SKIP,"Although it is an excellent grade tender, the fee is below 30 OMR, making it too small for SCC's operational scale.","2026-05-19 02:07:34.124697"
133,"2020/254/و ز ث س/م ب ز و-59",30,SKIP,"This tender is for electromechanical maintenance, which does not align with SCC's core capabilities.","2026-05-19 02:07:34.125195"
134,"2020/249/و ز ث س/RP-58-م ب ز و",30,SKIP,"Similar to previous tenders, this is focused on electromechanical maintenance, which is outside SCC's core work.","2026-05-19 02:07:34.125616"
135,"2020/8/بيئة/ق م ش-3",35,SKIP,"This tender is only graded Second, which is below SCC's operational scale, limiting its strategic fit.","2026-05-19 02:07:34.126043"
136,"2020/4/ه ع ت أ/ م ر -3",35,SKIP,"Although it is an excellent grade tender, the fee is below 30 OMR, making it too small for SCC's operational scale.","2026-05-19 02:07:34.126341"
137,"2020/225/و ز ث س/م ب ز و-44",35,WATCH,"While this tender involves pipeline construction, the grade includes lower classifications which limit its strategic fit for SCC.","2026-05-19 02:07:41.962855"
138,"2020/17/ص ت م خ م/ق م-16",0,SKIP,"This tender is for electromechanical and telecommunications work, which is outside SCC's core capabilities.","2026-05-19 02:07:41.963491"
139,"2020/12/ه ع ص ح/ا ع ع-2",30,SKIP,"The scope of theater maintenance is too small-scale and does not align with SCC's core infrastructure capabilities.","2026-05-19 02:07:41.964055"
140,"2020/47/ مجان",20,SKIP,"The fee is below 30 OMR and the grade includes lower classifications, making it a minor maintenance job not suitable for SCC.","2026-05-19 02:07:41.964517"
141,"2020/3/ و أ ش د",30,SKIP,"Although this involves construction, it is for a mosque which is not aligned with SCC's core civil infrastructure capabilities.","2026-05-19 02:07:41.964941"
142,"2020/2/ و أ ش د",30,SKIP,"Similar to the previous tender, this mosque construction does not fit SCC's strategic focus on large-scale civil infrastructure.","2026-05-19 02:07:41.965338"
143,"2020/91/و ز ث س/م م ص-14",85,STRONG_FIT,"This tender involves pipeline construction with an excellent grade, aligning well with SCC's core capabilities.","2026-05-19 02:07:41.965766"
144,"2020/63/و ز ث س/م م ص-8",0,SKIP,"This tender is for electromechanical and telecommunications work, which is outside SCC's core capabilities.","2026-05-19 02:07:41.966175"
145,"2019/122/هـ ت م/ق م ش -116- اعادة طرح - 1",30,SKIP,"This tender involves renovation work, which is outside SCC's core capabilities and falls under small-scale maintenance.","2026-05-19 02:07:54.338435"
146,"2019/220/و ز ث س/م م ص و-11",30,SKIP,"The scope is focused on maintenance of lighting poles, which does not align with SCC's core competencies and is considered a minor job.","2026-05-19 02:07:54.338937"
147,"2019/185/و ز ث س/م م ص-17",30,SKIP,"This tender is for maintenance of electromechanical systems, which is outside SCC's core capabilities and is not a strategic fit.","2026-05-19 02:07:54.339306"
148,"2019/186/و ز ث س/م م ص-18",30,SKIP,"The tender involves annual maintenance of fire alarms, which does not match SCC's core construction capabilities.","2026-05-19 02:07:54.339834"
149,"2019/4/ و ش ر -اعادة طرح- 1",35,WATCH,"While this tender is for construction work, the scope is limited and the fee is low, making it less appealing for SCC.","2026-05-19 02:07:54.340277"
150,"2019/121/و ز ث س/م م ص-8",30,SKIP,"This tender focuses on maintenance of air-conditioning systems, which is outside SCC's core competencies.","2026-05-19 02:07:54.340607"
151,"2019/1/ع ح ج/ م ر -1",21,SKIP,"This tender involves construction works with an excellent grade, aligning well with SCC's capabilities and presenting a reasonable competition level. (Score reduced from 70: private non-strategic issuer)","2026-05-19 02:07:54.341033"
152,"2018/20/ و ن ت -اعادة طرح- 1",20,SKIP,"The tender fee is low and the scope is limited to maintenance, which is not a strategic fit for SCC.","2026-05-19 02:07:54.341437"
153,"2018/14/ م ق",90,MUST_BID,"This tender is for construction works with an Excellent grade and a substantial fee, aligning well with SCC's core capabilities.","2026-05-19 02:08:03.708116"
154,"2018/33/و إ/ م ر -5",70,STRONG_FIT,"This First grade tender for completion works has a reasonable fee and aligns with SCC's capabilities, despite the presence of competitors.","2026-05-19 02:08:03.708773"
155,"2017/8/ ع ن ع",10,SKIP,"While the tender has an Excellent grade, the fee is low and the scope is unclear, making it less attractive for SCC. (Score reduced from 35: private non-strategic issuer)","2026-05-19 02:08:03.709356"
156,"2025/3431/و ص/م ع خ ص ب -3- اعادة طرح - 2",20,SKIP,"This tender is for renovation works with a low fee and a Second grade, which is below SCC's operating scale.","2026-05-19 02:08:03.709844"
157,"2025/137/ه ب/ م ر -28 - اعادة طرح - 1",65,CONSIDER,"This Excellent/First grade tender has a moderate fee but faces competition, making it worth considering if SCC's pipeline is thin.","2026-05-19 02:08:03.710312"
158,"2026/5/ م س ق س أ س",20,SKIP,"The low fee and Second grade classification limit this tender's attractiveness for SCC.","2026-05-19 02:08:03.710756"
159,"2026/1070/و ص/م ا ن م-9",35,SKIP,"This tender is for maintenance work with a First/Second grade, which does not align with SCC's core capabilities.","2026-05-19 02:08:03.711195"
160,"2026/69/و ت ت/ م ر -4",20,SKIP,"The low fee and Second grade classification make this tender unsuitable for SCC.","2026-05-19 02:08:03.711604"
161,"2026/70/و ت ت/ م ر -5",20,SKIP,"The tender is for renovation work with a fee of 38.8 OMR and a grade of Second, which does not align with SCC's capabilities.","2026-05-19 02:08:13.788438"
162,"2026/7/م م ج ب/ م ر -7",85,STRONG_FIT,"This tender involves construction work with an Excellent and First grade, making it a strong match for SCC's capabilities.","2026-05-19 02:08:13.788897"
163,"2026/162/و ت ت/ م ر -4",35,SKIP,"The tender is for renovation work with a grade of Second, which is below SCC's operating scale.","2026-05-19 02:08:13.789230"
164,"2026/71/و ت ت/ م ر -6",20,SKIP,"The tender fee is only 10 OMR with a grade of Second, indicating it is a minor maintenance job not suitable for SCC.","2026-05-19 02:08:13.789610"
165,"2026/79/و ت ت/ م ر -3",20,SKIP,"This tender has a fee of 30 OMR and a grade of Second, categorizing it as a minor maintenance job.","2026-05-19 02:08:13.789958"
166,"2026/82/و ت ت/ م ر -6",20,SKIP,"With a fee of 25 OMR and a grade of Second, this tender is not aligned with SCC's core capabilities.","2026-05-19 02:08:13.790240"
167,"2026/83/و ت ت/ م ر -7",20,SKIP,"The tender fee is only 10 OMR and it is a Second grade tender, which is not suitable for SCC.","2026-05-19 02:08:13.790692"
168,"2026/80/و ت ت/ م ر -4",20,SKIP,"This tender is for renovation work with a fee of 10 OMR and a grade of Second, making it unsuitable for SCC.","2026-05-19 02:08:13.791102"
169,"2026/81/و ت ت/ م ر -5",20,SKIP,"The tender is for renovation works with a grade of Second and a fee below 30 OMR, making it a minor maintenance job not aligned with SCC's core capabilities.","2026-05-19 02:08:23.464687"
170,"2025/927/و ت ت/ م ر -232",70,STRONG_FIT,"This tender for construction work has a First grade classification and a reasonable fee, making it a good match for SCC's capabilities.","2026-05-19 02:08:23.465478"
171,"2026/89/و ت ت/ م ر -7",20,SKIP,"The tender is for maintenance work with a grade of Second and a fee below 30 OMR, categorizing it as a minor job outside of SCC's core focus.","2026-05-19 02:08:23.466081"
172,"2026/91/و ت ت/ م ر -8",35,SKIP,"Although the fee is higher, the Second grade classification limits the score, indicating it's below SCC's operating scale.","2026-05-19 02:08:23.466563"
173,"2026/11/و إ ت ع/ م ر -3",90,MUST_BID,"This tender for a large-scale project has an Excellent, First grade classification, aligning perfectly with SCC's core capabilities.","2026-05-19 02:08:23.467015"
174,"2024/276/و ت س/ م ر -69 - اعادة طرح - 3",30,SKIP,"The tender involves provision of materials with a grade of First, Second and a low fee, categorizing it as a minor maintenance job.","2026-05-19 02:08:23.467403"
175,"2026/8/ أسياد",35,SKIP,"The tender covers multiple grades including Second and Third, and the overall classification does not align with SCC's core capabilities.","2026-05-19 02:08:23.467804"
176,"2026/139/ج ت ع ت/ م ر -7",30,SKIP,"This tender is for rehabilitation work with a grade of Excellent, First but has a very low fee, indicating it's a minor job not suitable for SCC.","2026-05-19 02:08:23.468206"
177,"2026/116/و ت ت/م ع م و-1",20,SKIP,"The tender is for a Second grade project with a low fee of 10 OMR, making it a minor maintenance job that falls below SCC's operating scale.","2026-05-19 02:08:33.102543"
178,"2026/977/و ص/ م ر -72",20,SKIP,"Despite being a First grade tender, the low fee of 10 OMR and its classification as a minor maintenance job limit its strategic fit for SCC.","2026-05-19 02:08:33.102980"
179,"2026/52/و ز ث س م/ م ر -4",30,SKIP,"Although it is an Excellent grade tender, the low fee of 10 OMR and its classification as a minor maintenance job restrict its appeal for SCC.","2026-05-19 02:08:33.103291"
180,"2026/1/عُمران/ م ر -1",90,MUST_BID,"This Excellent grade tender aligns well with SCC's core capabilities and presents a strong win probability.","2026-05-19 02:08:33.103612"
181,"2025/454/و ع/ م ر -12",30,SKIP,"Despite being an Excellent grade tender, the low fee of 25 OMR and its focus on electromechanical works do not align with SCC's core capabilities.","2026-05-19 02:08:33.103924"
182,"2025/633/و ز ث س م/ م ر -71 - اعادة طرح - 1",20,SKIP,"The tender is for minor maintenance work with a fee below 30 OMR and a grade of Second/Third, which is below SCC's operating scale.","2026-05-19 02:10:25.730800"
183,"2026/1/ ش ص م ح",90,MUST_BID,"This tender aligns perfectly with SCC's core capabilities in construction and maintenance, and the Excellent/First grade enhances the win probability.","2026-05-19 02:10:00.305303"
184,"2025/2/ ش ص م ح",85,STRONG_FIT,"This tender involves construction of roads and bridges at an excellent grade, with no tracked competitors, making it a strong opportunity for SCC.","2026-05-19 02:10:25.732371"
185,"2025/69/ ا ع م م",50,CONSIDER,"While the tender is for a large-scale project in the core area of roads and bridges, the high number of bidders (18) indicates strong competition.","2026-05-19 02:10:25.732697"
186,"2025/791/و ز ث س م/ م ر -89 - اعادة طرح - 1",20,SKIP,"This tender is also for minor maintenance work with a fee below 30 OMR and a grade of Second/Third, which is not suitable for SCC.","2026-05-19 02:10:25.733004"
187,"2025/11/م م ب/ م ر -8 - اعادة طرح - 3",80,STRONG_FIT,"The tender is for construction work at an excellent grade, and while there are no tracked competitors, it represents a good fit for SCC's capabilities.","2026-05-19 02:10:25.733293"
188,"2025/12/م م ب/ م ر -9 - اعادة طرح - 1",20,SKIP,"This tender involves paving works with a fee below 30 OMR and a grade of First/Second, which is not aligned with SCC's core capabilities.","2026-05-19 02:10:25.733846"
189,"2026/2/و أ ش د/ م ر -2",20,SKIP,"The tender is for general maintenance work with a fee below 30 OMR and a grade of Second/Third, making it unsuitable for SCC.","2026-05-19 02:10:25.734163"
190,"2026/96/و ت ت/ م ر -2",20,SKIP,"This tender involves repair works with a fee of 25 OMR and a grade of Second, making it too small and not aligned with SCC's core capabilities.","2026-05-19 02:09:41.192659"
191,"2026/97/و ت ت/ م ر -3",35,SKIP,"Although the fee is slightly higher at 35 OMR, the grade remains Second, which limits SCC's potential engagement in this tender.","2026-05-19 02:09:41.193128"
192,"2025/179/و ت س/ م ر -44",30,WATCH,"This tender is for restoration work at a First/Second grade, but it does not align closely with SCC's core capabilities, warranting monitoring.","2026-05-19 02:10:25.734503"
193,"2026/3/و أ ش د/ م ر -3",20,SKIP,"The tender is for general maintenance work with a fee of 10 OMR and a grade of Second/Third, which is below SCC's operating scale.","2026-05-19 02:10:36.063023"
194,"2026/7/و ق ع/ م ر -7",70,STRONG_FIT,"This tender involves design and construction work with an Excellent/First grade, aligning well with SCC's capabilities and presenting a reasonable competition level.","2026-05-19 02:10:36.063600"
195,"2026/4/م م ظ/ م ر -3",30,SKIP,"The scope is for preparing a meeting room, which falls under small-scale maintenance work, resulting in a low maximum score.","2026-05-19 02:10:36.063944"
196,"2025/275/و ت ت/ م ر -86 - اعادة طرح - 1",35,SKIP,"Although the fee is above 30 OMR, the tender grade is Second, which limits the score due to SCC's classification.","2026-05-19 02:10:36.064247"
197,"2025/9/م ع م ص/ م ر -9 - اعادة طرح - 1",95,MUST_BID,"This tender involves core SCC capabilities in construction of ports, roads, and bridges with an Excellent and First grade classification, and very few competitors.","2026-05-19 02:09:08.085056"
198,"2026/41/ص ح ا/ق ت-34",30,SKIP,"The tender includes a mix of grades, but the presence of lower grades (Second, Third, Fourth) restricts the potential for SCC's participation.","2026-05-19 02:10:36.064534"
199,"2025/132/م م/ م ك -94- اعادة طرح - 1",20,SKIP,"This tender is for construction work with a fee of 27.5 OMR and a grade of Second/Third, which is below SCC's operational threshold.","2026-05-19 02:10:36.064962"
200,"2026/4/م م ج ب/ م ر -4",20,SKIP,"The tender involves development work with a fee of 10 OMR and a grade of Second/Third, making it unsuitable for SCC.","2026-05-19 02:10:36.065288"
201,"2026/453/و ص/ م ر -38",50,CONSIDER,"This tender is for remaining construction work with an Excellent/First grade, but the competition is strong with notable bidders like Galfar and L&T.","2026-05-19 02:10:36.065694"
202,"2026/35/ص ح ا/ق ت-30",30,SKIP,"This tender is for electromechanical and telecommunications contracting, which is outside SCC's core capabilities.","2026-05-19 02:10:45.692326"
203,"2026/1049/و ص/م إ ر م-88",70,STRONG_FIT,"While it is a construction and maintenance tender, the historical context shows reasonable competition and potential alignment with SCC's capabilities.","2026-05-19 02:10:45.692935"
204,"2026/45/و ت ت/ م ر -9",20,SKIP,"This tender is a minor maintenance job with a fee of 30 OMR and a grade of Second, making it below SCC's operating scale.","2026-05-19 02:10:45.693239"
205,"2026/73/و ز ث س م/ م ر -7",20,SKIP,"This tender is for construction of ports, roads, and bridges but has a grade of Second and a low fee of 25 OMR, limiting its strategic fit.","2026-05-19 02:10:45.693514"
206,"2026/46/و ت ت/م ع م ش ش-2",20,SKIP,"This tender is a minor maintenance job with a fee of 10 OMR and a grade of Second, making it unsuitable for SCC.","2026-05-19 02:10:45.693800"
207,"2026/707/و ص/ م ر -51",60,CONSIDER,"Although it is in the electromechanical category, the excellent grade and competitive landscape make it worth considering.","2026-05-19 02:10:45.694087"
208,"2025/664/و ز ث س م/ م ر -75 - اعادة طرح - 1",20,SKIP,"This tender is for pipeline network construction but has a grade of Second and a low fee of 10 OMR, making it below SCC's operating scale.","2026-05-19 02:10:45.694340"
209,"2026/13/و ت س/ م ر -2",20,SKIP,"This tender is for maintenance and restoration work with a grade of Second and a low fee of 10 OMR, which is not aligned with SCC's capabilities.","2026-05-19 02:10:45.694606"
210,"2026/3/ا ع م م",90,MUST_BID,"This tender for asphalt road construction aligns perfectly with SCC's core capabilities and has no tracked competitors, indicating a strong win probability.","2026-05-19 02:10:56.139559"
211,"2026/4/ا ع م م",85,STRONG_FIT,"The flood protection construction tender is a good match for SCC's expertise, with a reasonable number of bidders and excellent grade classification.","2026-05-19 02:10:56.140209"
212,"2026/28/و ت ت/ م ر -5",20,SKIP,"This tender is for minor maintenance work with a low fee and a grade of Second/Third, which is below SCC's operating scale.","2026-05-19 02:10:56.140659"
213,"2026/140/و ص/ م ر -13",20,SKIP,"Similar to the previous tender, this maintenance work falls under Second/First grade and has a low fee, making it unsuitable for SCC.","2026-05-19 02:10:56.141078"
214,"2026/10/ه ب/ م ر -1",20,SKIP,"This tender involves minor construction and maintenance work with a low fee and Second/Third grade, which does not align with SCC's capabilities.","2026-05-19 02:10:56.141454"
215,"2025/39/م م ش ش/ م ر -16 - اعادة طرح - 1",80,STRONG_FIT,"The design and construction tender has a First grade classification and aligns with SCC's core capabilities, although it has a higher number of bidders.","2026-05-19 02:10:56.141835"
216,"2025/24/ أوباز",30,WATCH,"Despite the excellent grade, the high fee and presence of strong competitors like Galfar make this tender marginally fit for SCC.","2026-05-19 02:10:56.142238"
217,"2026/4/ا ع ع /ق م-4",0,SKIP,"This tender is for supply work, which is outside SCC's core capabilities and does not align with their strategic focus.","2026-05-19 02:10:56.142631"
218,"2026/170/و ص/م ص-1",20,SKIP,"The tender is for a supply of wooden doors with a fee of 10 OMR and a grade of Second, which is below SCC's operating scale.","2026-05-19 02:11:06.827787"
219,"2026/214/و ص/م ع م خ م-35",20,SKIP,"This tender is for expansion and renovation work with a fee of 10 OMR and a grade of Second, making it too small for SCC's capabilities.","2026-05-19 02:11:06.828443"
220,"2026/2/ج س ق/ م ر -2",20,SKIP,"The tender involves construction and maintenance work with a fee of 10 OMR and a grade of Second, which is not aligned with SCC's core capabilities.","2026-05-19 02:11:06.828809"
221,"2026/4/و ق ع/ م ر -4",70,STRONG_FIT,"This tender for construction work has an Excellent, First grade and a fee of 25 OMR, aligning well with SCC's capabilities.","2026-05-19 02:11:06.829300"
222,"2025/610/و ت ت/ م ر -187 - اعادة طرح - 1",20,SKIP,"The tender is for construction work with a fee of 10 OMR and a grade of Second, which is below SCC's operating scale.","2026-05-19 02:11:06.829672"
223,"2025/273/و ت ت/ م ر -84 - اعادة طرح - 1",35,SKIP,"This tender has a fee of 30.8 OMR and a grade of Second, which is still too low for SCC's capabilities despite being above the 30 OMR threshold.","2026-05-19 02:11:06.829980"
224,"2025/274/و ت ت/ م ر -85 - اعادة طرح - 1",20,SKIP,"The tender is for construction work with a fee of 10 OMR and a grade of Second, which does not meet SCC's operational standards.","2026-05-19 02:11:06.830353"
225,"2026/2/ا ع م م (داخلى)/ م ر -2",70,STRONG_FIT,"This renovation and maintenance tender has a First grade and a fee of 35 OMR, making it a reasonable opportunity for SCC.","2026-05-19 02:11:06.830740"
226,"2026/4/و م/ م ر -4",20,SKIP,"The tender is for interior renovation with a fee below 30 OMR and a grade of Second, which is below SCC's operating scale.","2026-05-19 02:11:17.387021"
227,"2026/171/و ص/م ع خ ص م-5",20,SKIP,"This tender is also for construction and maintenance with a fee below 30 OMR and a grade of Second, making it unsuitable for SCC.","2026-05-19 02:11:17.387657"
228,"2025/180/و ت س/ م ر -45",20,SKIP,"The tender is for restoration work with a fee of 10 OMR and a grade of Second, which is too small for SCC's capabilities.","2026-05-19 02:11:17.388180"
229,"2026/9/و ص/ م ر -3",85,STRONG_FIT,"This tender involves modification and maintenance work with an Excellent grade, aligning well with SCC's capabilities.","2026-05-19 02:11:17.388620"
230,"2026/29/و ت ت/ م ر -6",20,SKIP,"The tender is for addition works with a fee of 10 OMR and a grade of Second, which is below SCC's operating scale.","2026-05-19 02:11:17.389098"
231,"2026/27/و ت ت/ م ر -4",20,SKIP,"This tender is for addition work with a fee of 26 OMR and a grade of Second, making it unsuitable for SCC.","2026-05-19 02:11:17.389487"
232,"2026/1/و أ ش د/ م ر -1",30,SKIP,"The tender is for a design and build project with a fee of 10 OMR and a grade of First, but the scope is not aligned with SCC's core capabilities.","2026-05-19 02:11:17.389973"
233,"2026/2/م م/ م ك-1",70,STRONG_FIT,"This tender involves maintenance of roads with an Excellent grade and a fee of 200 OMR, making it a good match for SCC's capabilities despite competition.","2026-05-19 02:11:17.390393"
234,"2026/4/م م/ م ك-3",20,SKIP,"The tender is for minor maintenance work with a fee of 10 OMR and a grade of Second/Third, which is below SCC's operating scale.","2026-05-19 02:11:28.140840"
235,"2026/8/م م/ م ر -3",20,SKIP,"Similar to the previous tender, this is a minor maintenance job with a fee of 10 OMR and a grade of Second/Third, making it unsuitable for SCC.","2026-05-19 02:11:28.142364"
236,"2025/50/ ا ع م م -اعادة طرح- 1",0,SKIP,"This tender falls outside SCC's core capabilities as it involves electromechanical and telecommunications contracting.","2026-05-19 02:11:28.142699"
237,"2025/217/و ن ت ت م/ م ر -61",20,SKIP,"With a fee of 10 OMR and a grade of Second/Third, this tender is too small and not aligned with SCC's capabilities.","2026-05-19 02:11:28.144115"
238,"2025/128/م م/ م ر -36",35,WATCH,"Although it has a fee of 26 OMR and a grade of First/Second, the scope is still marginally aligned with SCC's capabilities.","2026-05-19 02:11:28.144486"
239,"2026/13/ب ظ/ م ر -12",20,SKIP,"This tender is for minor maintenance work with a fee of 10 OMR and a grade of Second/Third, making it unsuitable for SCC.","2026-05-19 02:11:28.144892"
240,"2025/830/و ز ث س م/ م ر -94",90,MUST_BID,"This tender aligns perfectly with SCC's core capabilities in construction of ports, roads, and bridges, and has an Excellent/First grade.","2026-05-19 02:11:28.145194"
241,"2025/141/م م/ م ر -41",85,STRONG_FIT,"This tender involves remedial works to bridges and has an Excellent/First grade, making it a strong fit for SCC.","2026-05-19 02:11:28.145465"
242,"2025/4859/و ص/ م ر -404",85,STRONG_FIT,"The tender is in the construction category with an Excellent grade, indicating a good alignment with SCC's capabilities, despite moderate competition.","2026-05-19 02:11:37.589494"
243,"2025/4996/و ص/ م ر -424",20,SKIP,"This tender has a fee below 30 OMR and is classified as Second/Third grade, making it too small for SCC's operational scale.","2026-05-19 02:11:37.590438"
244,"2025/176/و ت س/ م ر -42",85,STRONG_FIT,"With an Excellent grade and a good fee, this tender aligns well with SCC's core capabilities, although competition is present.","2026-05-19 02:11:37.591375"
245,"2025/10/م ع م ص/ م ر -10",85,STRONG_FIT,"This Excellent grade tender offers a substantial fee and aligns with SCC's construction capabilities, despite a higher number of bidders.","2026-05-19 02:11:37.591807"
246,"2025/8/م ع م ص/ م ر -8",90,MUST_BID,"This tender involves large-scale infrastructure construction with an Excellent grade, making it a prime opportunity for SCC.","2026-05-19 02:11:37.592240"
247,"2024/45/م م ب/ م ر -25 - اعادة طرح - 3",20,SKIP,"The tender is classified as Second/Third grade with a low fee, making it unsuitable for SCC's capabilities.","2026-05-19 02:11:37.592655"
248,"2025/4904/و ص/ م ر -415 - اعادة طرح - 2",20,SKIP,"This tender has a fee below 30 OMR and is classified as First/Second grade, which is not aligned with SCC's operational scale.","2026-05-19 02:11:37.592959"
249,"2025/4885/و ص/ م ر -408",20,SKIP,"Despite having an Excellent grade, the low fee and classification as First/Second makes this tender too small for SCC.","2026-05-19 02:11:37.593227"
250,"2025/4884/و ص/ م ر -407",30,SKIP,"Although the tender is classified as Excellent, the fee is below 30 OMR, which limits its strategic fit for SCC.","2026-05-19 02:11:47.006548"
251,"2026/7/ص ح ا/ق ت-6",0,SKIP,"This tender is outside SCC's core capabilities as it focuses on electromechanical and telecommunications maintenance.","2026-05-19 02:11:47.008092"
252,"2025/632/و ت ت/ م ر -190 - اعادة طرح - 1",35,SKIP,"The tender grade is only First and Second, which is below SCC's operating scale, limiting its strategic fit.","2026-05-19 02:11:47.008440"
253,"2025/81/و إ ت ع/ م ر -26",20,SKIP,"While the category aligns with SCC's capabilities, the fee is below 30 OMR, making it a minor maintenance job.","2026-05-19 02:11:47.008750"
254,"2025/723/و ز ث س م/ م ر -85",30,SKIP,"Despite being in a relevant category, the low fee of 10 OMR classifies this as a minor job, limiting its attractiveness.","2026-05-19 02:11:47.009532"
255,"2025/192/م م/ م ك-143",35,SKIP,"The tender grade is only First and Second, which is below SCC's operating scale, making it less appealing.","2026-05-19 02:11:47.009922"
256,"2024/64/م م/ م ك -37- اعادة طرح - 3",20,SKIP,"Although it is in a relevant category, the low fee of 10 OMR limits its strategic fit for SCC.","2026-05-19 02:11:47.010275"
257,"2025/172/و ت س/ م ر -41 - اعادة طرح - 1",20,SKIP,"Despite being classified as Excellent, the low fee of 10 OMR classifies this as a minor job, limiting its attractiveness.","2026-05-19 02:11:47.010573"
258,"2026/1/ أسياد",35,SKIP,"The tender includes a mix of grades with Second and Third classifications, which are below SCC's operating scale.","2026-05-19 02:11:57.196065"
259,"2025/671/و ت أ/ م ر -85",20,SKIP,"The fee is below 30 OMR and the grade is First, which limits the project's scope and aligns poorly with SCC's capabilities.","2026-05-19 02:11:57.196575"
260,"2026/20/ع ف/ش ص م ط-2",35,SKIP,"The tender is categorized under Construction and Maintenance with a First grade, but lacks specific alignment with SCC's core capabilities.","2026-05-19 02:11:57.197005"
261,"2025/66/ع ف/ا خ ا ء-5",35,SKIP,"Although the grade is Excellent, the scope appears to be maintenance-related, which does not align with SCC's core infrastructure capabilities.","2026-05-19 02:11:57.197367"
262,"2025/65/ع ف/ا خ ا ء-4",35,SKIP,"The Excellent grade does not compensate for the likely small-scale nature of the work, which is not a strategic fit for SCC.","2026-05-19 02:11:57.197728"
263,"2025/64/ع ف/ا خ ا ء-3",35,SKIP,"Similar to others, the Excellent grade does not indicate a core capability match for SCC's large-scale infrastructure focus.","2026-05-19 02:11:57.198060"
264,"2025/63/ع ف/ا خ ا ء-2",35,SKIP,"The scope of hiring an electrician does not align with SCC's core competencies in large civil infrastructure.","2026-05-19 02:11:57.198377"
265,"2025/61/ع ف/ا خ ا ء-1",35,SKIP,"The project involves block fixing, which is a minor maintenance task and not aligned with SCC's strategic focus.","2026-05-19 02:11:57.198786"
266,"2025/18/ع ف/نبراس-1",30,SKIP,"This tender involves construction and maintenance work but falls under small-scale projects, limiting its strategic fit for SCC.","2026-05-19 02:12:07.533823"
267,"2023/1/ع ف/ش ا ل م-1",30,SKIP,"The scope is related to waterproofing, which is not a core capability of SCC, and it is a small-scale maintenance job.","2026-05-19 02:12:07.535373"
268,"2026/42/م م/ م ر -8",90,MUST_BID,"This tender aligns perfectly with SCC's core capabilities in road construction, and the historical context shows a favorable win probability.","2026-05-19 02:12:07.535850"
269,"2026/40/م م/ م ك-33",20,SKIP,"The tender is for civil works with a grade of Second/Third and a low fee, making it below SCC's operational scale.","2026-05-19 02:12:07.536344"
270,"2026/18/م م/ م ك -13- اعادة طرح - 1",0,SKIP,"This tender involves HVAC maintenance, which is outside SCC's core capabilities and has a low fee.","2026-05-19 02:12:07.536821"
271,"2026/88/ه ب/ م ر -17",20,SKIP,"The tender is for construction and maintenance work with a grade of Second/Third and a low fee, making it unsuitable for SCC.","2026-05-19 02:12:07.537296"
272,"2025/4496/و ص/م ع ص ب م -4- اعادة طرح - 2",20,SKIP,"This tender is for maintenance works with a grade of First/Second and a low fee, which is not aligned with SCC's capabilities.","2026-05-19 02:12:07.537759"
273,"2026/63/ب ظ/ م ر -38",20,SKIP,"Similar to the previous tender, it is also graded Second/Third with a low fee, not matching SCC's capabilities.","2026-05-19 02:09:50.970061"
274,"2026/62/ب ظ/ م ر -37",20,SKIP,"The tender is only graded Second/Third and has a low fee, making it unsuitable for SCC's scale.","2026-05-19 02:09:50.969642"
275,"2026/1735/و ص/ م ر -118",70,STRONG_FIT,"This tender is for electromechanical works, which is a good fit for SCC's capabilities, and the fee is reasonable.","2026-05-19 02:12:07.538229"
276,"2026/10/ أوباز",35,SKIP,"The tender is classified as Second, Third, and Fourth, which is below SCC's operating scale, limiting the maximum score.","2026-05-19 02:12:16.483611"
277,"2026/1723/و ص/ م ر -117",20,SKIP,"Although the grade is Excellent, First, the fee is below 30 OMR, which limits the maximum score due to the minor scale of the project.","2026-05-19 02:12:16.484122"
278,"2026/29/م م/ م ك-23",20,SKIP,"The tender is classified as Second and Third with a low fee, making it a minor maintenance job not aligned with SCC's core capabilities.","2026-05-19 02:12:16.484510"
279,"2025/9/م م/ م ك -7- اعادة طرح - 2",20,SKIP,"This tender is also classified as Second and Third with a low fee, indicating it is a minor maintenance job below SCC's operating scale.","2026-05-19 02:12:16.484816"
280,"2026/37/م م/ م ك-30",35,SKIP,"Despite being classified as First and Second, the low fee and minor scale of the project limit the score.","2026-05-19 02:12:16.485165"
281,"2026/37/ش ت ن ع/ق م ش -30- اعادة طرح - 1",0,SKIP,"The tender is for maintenance of greenhouses, which is outside SCC's core capabilities.","2026-05-19 02:12:16.485473"
282,"2026/33/م م/ م ك-26",20,SKIP,"This tender is classified as Second and Third with a low fee, indicating it is a minor maintenance job not aligned with SCC's core capabilities.","2026-05-19 02:12:16.485759"
283,"2026/27/م م/ م ك-21",85,STRONG_FIT,"The tender is classified as Excellent and First, with a reasonable fee and alignment with SCC's core capabilities in construction of ports, roads, and bridges.","2026-05-19 02:12:16.486050"
284,"2026/1700/و ص/م ع خ ص د-16",30,SKIP,"Although the tender grade is Excellent, First, the fee is below 30 OMR and falls under minor maintenance work, limiting its strategic fit for SCC.","2026-05-19 02:12:27.577685"
285,"2026/9/ أوباز",20,SKIP,"The tender grade includes Second, Third, and Fourth classifications, and the fee is below 30 OMR, making it unsuitable for SCC's capabilities.","2026-05-19 02:12:27.578293"
286,"2026/259/و ت ت/ م ر -13",20,SKIP,"This tender is only graded as Second, and with a fee of 29.5 OMR, it is not aligned with SCC's operational scale.","2026-05-19 02:12:27.578733"
287,"2026/253/و ت ت/ م ر -12",20,SKIP,"Similar to the previous tender, it is graded Second and has a low fee, making it a poor fit for SCC.","2026-05-19 02:12:27.579078"
288,"2026/252/و ت ت/ م ر -11",30,SKIP,"Despite the higher fee, it is still a Second grade tender, which is below SCC's operational standards.","2026-05-19 02:12:27.579475"
289,"2026/1685/و ص/ م ر -115",0,SKIP,"Although graded Excellent, the low fee and maintenance focus make this tender unsuitable for SCC's core capabilities.","2026-05-19 02:08:44.131765"
290,"2026/1665/و ص/م ع خ ص ب-1",0,SKIP,"This tender is for renovation works and is graded Second, which does not align with SCC's core capabilities.","2026-05-19 02:08:44.132099"
291,"2025/217/و ن ت ت م/ م ر -61 - اعادة طرح - 1",20,SKIP,"This tender involves road safety enhancements but is also classified as Second/Third grade with a low fee of 10 OMR, making it unsuitable for SCC.","2026-05-19 02:10:07.624424"
292,"2026/1643/و ص/ م ر -109",85,STRONG_FIT,"This tender is graded Excellent and involves design and build work, aligning well with SCC's capabilities despite being in the maintenance category.","2026-05-19 02:08:44.132707"
293,"2026/1620/و ص/م ع خ ص و م-17",20,SKIP,"The tender is for refurbishment work with a fee below 30 OMR and is classified as Second/Third grade, which is below SCC's operating scale.","2026-05-19 02:10:07.623756"
294,"2026/44/و إ ت ع/ م ر -12",75,STRONG_FIT,"While the tender is in the electromechanical category, it holds an Excellent and First grade, indicating a significant project scale and potential for a competitive bid.","2026-05-19 02:08:55.671032"
295,"2026/2/م ع م ص/ م ر -2",35,WATCH,"The tender includes multiple grades, but the scope is unclear and may not align with SCC's core capabilities. Monitoring is recommended due to the lack of a fee and competition level.","2026-05-19 02:09:18.675837"
296,"2026/187/و ز ث س م/إ ز م م م -4- اعادة طرح - 2",20,SKIP,"This tender is for construction maintenance with a low fee and Second/Third grade, making it unsuitable for SCC.","2026-05-11 02:11:02"
297,"2026/289/و ز ث س م/م ع ب ز-32",20,SKIP,"The tender is for maintenance works with a fee below 30 OMR and a grade of First and Second, making it too small for SCC's operational scale.","2026-05-11 02:11:12"
298,"2026/288/و ز ث س م/م ع ش ا م م-26",20,SKIP,"This tender is for removal of existing glass, categorized under Third and Fourth grades, which is below SCC's operating scale.","2026-05-11 02:11:12"
299,"2026/22/م و/ق ص-7",30,SKIP,"This involves services related to repairing and polishing, which are outside SCC's core civil infrastructure capabilities.","2026-05-11 02:11:12"
300,"2026/1712/و ص/م ن ز و-14",20,SKIP,"The tender fee is below 30 OMR and falls under Second/Third grade, making it too small for SCC's operational scale.","2026-05-19 02:09:18.676348"
301,"2026/51/و إ ت ع/ م ر -15",35,WATCH,"The tender is of First and Second grade with a fee of 90 OMR, but the competition is strong and may not align with SCC's scale.","2026-05-19 02:09:18.677525"
302,"2026/50/و إ ت ع/ م ر -14",35,WATCH,"Similar to the previous tender, this one has strong competition and a fee of 90 OMR, making it marginally fit for SCC.","2026-05-19 02:09:18.677816"
303,"2026/27/و ت ت/ م ر -4 - اعادة طرح - 1",20,SKIP,"The tender is below the minimum fee threshold and falls under Second/Third grade, which is not suitable for SCC's capabilities.","2026-05-19 02:09:18.678160"
304,"2026/1778/و ص/م ص م-160",35,WATCH,"While this tender is classified as First/Second grade, it falls under construction and maintenance, which is a marginal fit for SCC's core capabilities. Monitoring is advised.","2026-05-19 02:10:07.625440"
305,"2026/120/و ع/ م ر -2",30,SKIP,"The tender is for electromechanical and telecommunications work, which is outside SCC's core capabilities.","2026-05-19 02:09:30.917037"
306,"2026/6/م م ظ/ م ر -5",85,STRONG_FIT,"This tender involves the design and paving of roads, aligning well with SCC's core competencies and has a reasonable competition level.","2026-05-19 02:09:30.917587"
307,"2026/8/م م ظ/ م ر -7",20,SKIP,"The tender fee is below 30 OMR and the grade is First, which limits its attractiveness for SCC.","2026-05-19 02:09:30.917957"
308,"2026/7/م م ظ/ م ر -6",20,SKIP,"Similar to the previous tender, the low fee and First grade make it unattractive for SCC.","2026-05-19 02:09:30.918283"
309,"2026/51/م م/ م ك-43",20,SKIP,"The tender is classified as Second/Third grade and has a low fee, making it unsuitable for SCC.","2026-05-19 02:09:30.919114"
310,"2026/4/م م/ م ك -3- اعادة طرح - 1",85,STRONG_FIT,"This tender involves significant construction work in SCC's core areas and has a competitive fee structure.","2026-05-19 02:09:30.919543"
311,"2026/52/و إ ت ع/ م ر -16",90,MUST_BID,"The tender is for substantial construction works in ports and roads, with a high fee and excellent grade, making it a prime opportunity for SCC.","2026-05-19 02:09:30.919985"
312,"2026/24/م م ب/ م ر -24",20,SKIP,"The tender is for a small-scale sports construction project with a fee of 25 OMR and a grade of Second/Third, which is below SCC's operating scale.","2026-05-19 02:09:41.192187"
313,"2026/52/م م/ م ك-44",35,SKIP,"The tender involves construction of ports and roads but is graded Second/Third, which is below SCC's operational standards.","2026-05-19 02:09:41.194025"
314,"2026/1843/و ص/ م ر -126",70,STRONG_FIT,"This tender is for electromechanical work with an Excellent/First grade, indicating a good fit for SCC's capabilities despite the category mismatch.","2026-05-19 02:09:41.194344"
315,"2026/1830/و ص/م ع ب ر م-59",50,CONSIDER,"The tender is for construction work with a First/Second grade, making it a partial match for SCC, but the lack of fee information raises concerns.","2026-05-19 02:09:41.194646"
316,"2026/10/ه ع ا أ/ م ر -6",20,SKIP,"This tender is for fit-out and furnishing, which falls under small-scale maintenance work, thus not aligning with SCC's core capabilities.","2026-05-19 02:09:41.194947"
317,"2026/16/و ق ع/ م ر -15",85,STRONG_FIT,"This tender involves civil maintenance work under an Excellent grade, aligning well with SCC's capabilities.","2026-05-19 02:09:50.969073"
318,"2026/57/ه ب/ م ر -10 - اعادة طرح - 1",20,SKIP,"The tender is graded Second/Third and has a low fee, making it a poor fit for SCC.","2026-05-19 02:09:50.970932"
319,"2026/101/ه ب/ م ر -20",20,SKIP,"This tender is also graded Second/First with a low fee, which does not align with SCC's operational scale.","2026-05-19 02:09:50.971322"
320,"2026/217/و ت أ/ م ر -16",30,WATCH,"Although it is a First grade tender, the scope is limited to interior renovations, which is not a core area for SCC.","2026-05-19 02:09:50.971655"
321,"2025/160/م م ش ب/ م ر -67 - اعادة طرح - 1",90,MUST_BID,"This Excellent/First grade tender involves construction of ports, roads, and bridges, which are core capabilities for SCC.","2026-05-19 02:09:50.972072"
322,"2026/23/م و/ م ر -2",20,SKIP,"The tender is graded Second, Third and has a low fee, making it unsuitable for SCC's capabilities.","2026-05-19 02:12:27.579880"
323,"2026/9/ج س ق/ م ر -9",70,STRONG_FIT,"This tender is graded Excellent, First and aligns well with SCC's capabilities, despite some competition.","2026-05-19 02:12:27.580225"
324,"2026/280/و ت ت/ م ر -36",20,SKIP,"The tender is only graded Second and has a low fee, which does not meet SCC's operational standards.","2026-05-19 02:12:27.580520"
325,"2026/281/و ت ت/م ع م و-5",20,SKIP,"This tender is for a construction project with a grade of Second and a fee below 30 OMR, making it unsuitable for SCC's capabilities.","2026-05-19 02:12:31.831013"
326,"2026/279/و ت ت/م ع م و-4",20,SKIP,"Similar to the previous tender, this maintenance work is also classified as Second grade with a fee below 30 OMR, which does not align with SCC's operational scale.","2026-05-19 02:12:31.831548"
327,"2026/54/م م/ م ك-46",90,MUST_BID,"The tender involves construction of ports, roads, and bridges, which are core areas for SCC, and the Excellent/First grade supports a strong bidding position.","2026-05-19 02:10:00"
328,"2026/55/م م/ م ك-47",90,MUST_BID,"Similar to the previous tender, this project aligns with SCC's core capabilities and offers a strong competitive advantage due to its Excellent/First grade.","2026-05-19 02:10:00"
329,"2026/104/ه ب/ م ر -22",20,SKIP,"This tender is for a Second/Third grade project with a low fee, making it unsuitable for SCC's capabilities and scale.","2026-05-19 02:10:00"
330,"2026/105/ه ب/ م ر -23",20,SKIP,"Similar to the previous tender, this involves maintenance services under a Second/Third grade, which does not align with SCC's operational focus.","2026-05-19 02:10:00"
